# HEADSET_ID: VIVE_XR_ELITE_001 | DATE: 2025-08-20
Session_Num,Time,Video_Name,Eye_Left_X,Eye_Left_Y,Eye_Left_Z,Eye_Right_X,Eye_Right_Y,Eye_Right_Z,Head_X,Head_Y,Head_Z,Head_Rot_X,Head_Rot_Y,Head_Rot_Z,Head_Rot_W
# START SESSION 0: 22:25:09
0,22:25:09,,-0.5668,0.0301,-0.8233,-0.6166,0.0019,-0.7873,0.0373,1.8728,-0.0386,0.0324,-0.9149,0.0544,-0.3986
0,22:25:10,,-0.7744,0.1112,-0.6228,-0.8130,0.0829,-0.5763,0.0372,0.0261,-0.0385,0.0328,-0.9149,0.0537,-0.3988
0,22:25:11,,-0.7255,0.1098,-0.6793,-0.7844,0.0701,-0.6163,0.0372,0.0260,-0.0386,0.0326,-0.9151,0.0544,-0.3982
0,22:25:12,,-0.8673,0.1274,-0.4812,-0.8858,0.1095,-0.4510,0.0371,0.0260,-0.0387,0.0323,-0.9158,0.0540,-0.3966
0,22:25:13,,-0.7765,0.1239,-0.6178,-0.8112,0.0989,-0.5764,0.0369,0.0265,-0.0386,0.0315,-0.9167,0.0489,-0.3954
0,22:25:14,,-0.6430,0.1030,-0.7589,-0.6920,0.0748,-0.7180,0.0368,0.0267,-0.0386,0.0324,-0.9171,0.0471,-0.3946
0,22:25:15,,-0.8094,0.1716,-0.5616,-0.8369,0.1501,-0.5263,0.0364,0.0270,-0.0386,0.0356,-0.9175,0.0445,-0.3937
0,22:25:16,,-0.7493,0.1668,-0.6409,-0.7733,0.1510,-0.6158,0.0365,0.0271,-0.0385,0.0355,-0.9171,0.0444,-0.3947
0,22:25:17,,-0.6966,0.1632,-0.6986,-0.7416,0.1356,-0.6570,0.0364,0.0271,-0.0386,0.0369,-0.9174,0.0443,-0.3938
0,22:25:18,,-0.6427,0.3011,-0.7045,-0.7121,0.2603,-0.6520,0.0381,0.0146,-0.0434,0.0081,-0.9157,0.1520,-0.3719
0,22:25:19,,-0.7004,-0.2931,-0.6508,-0.7631,-0.3425,-0.5481,0.0325,0.0367,-0.0339,0.0768,-0.9097,-0.0419,-0.4060
0,22:25:20,,-0.5940,0.1485,-0.7907,-0.6984,0.1040,-0.7081,0.0325,0.0309,-0.0393,0.0019,-0.9411,-0.0085,-0.3380
0,22:25:21,,-0.5912,0.0611,-0.8042,-0.6763,0.0191,-0.7364,0.0343,0.0223,-0.0433,-0.0032,-0.9383,0.0750,-0.3375
0,22:25:22,,-0.6482,-0.0351,-0.7606,-0.7326,-0.0828,-0.6756,0.0341,0.0253,-0.0418,0.0120,-0.9357,0.0519,-0.3489
0,22:25:23,,-0.5315,0.4045,-0.7442,-0.6154,0.3716,-0.6951,0.0338,0.0255,-0.0419,0.0135,-0.9363,0.0504,-0.3472
0,22:25:24,,-0.6020,0.4426,-0.6645,-0.6330,0.4293,-0.6443,0.0347,0.0225,-0.0429,0.0038,-0.9353,0.0759,-0.3455
0,22:25:25,,-0.5513,0.5152,-0.6562,-0.5857,0.5022,-0.6362,0.0344,0.0224,-0.0432,0.0065,-0.9361,0.0771,-0.3432
0,22:25:26,,-0.6956,0.1983,-0.6905,-0.7614,0.1582,-0.6287,0.0330,0.0281,-0.0408,0.0332,-0.9337,0.0308,-0.3551
0,22:25:27,,-0.5834,0.2049,-0.7859,-0.6438,0.1692,-0.7463,0.0298,0.0267,-0.0442,0.0593,-0.9414,0.0512,-0.3281
0,22:25:28,,-0.4618,0.0292,-0.8865,-0.5749,-0.0415,-0.8172,0.0284,0.0247,-0.0462,0.0636,-0.9458,0.0697,-0.3109
0,22:25:29,,-0.6589,0.2987,-0.6904,-0.7015,0.2676,-0.6605,0.0286,0.0202,-0.0482,0.0664,-0.9439,0.1114,-0.3037
0,22:25:30,,-0.6672,0.2942,-0.6843,-0.7304,0.2419,-0.6387,0.0280,0.0184,-0.0493,0.0841,-0.9406,0.1312,-0.3016
0,22:25:31,,-0.5685,0.2997,-0.7661,-0.6789,0.2440,-0.6925,0.0336,0.0199,-0.0450,0.0086,-0.9380,0.1010,-0.3315
0,22:25:32,,-0.6734,0.0698,-0.7359,-0.7683,0.0321,-0.6393,0.0397,0.0236,-0.0376,-0.0482,-0.9218,0.0445,-0.3822
0,22:25:33,,-0.4912,0.4054,-0.7710,-0.5492,0.3919,-0.7381,0.0395,0.0236,-0.0378,-0.0364,-0.9205,0.0497,-0.3858
0,22:25:34,,-0.5772,0.4126,-0.7047,-0.6349,0.3948,-0.6641,0.0394,0.0234,-0.0381,-0.0324,-0.9204,0.0539,-0.3860
0,22:25:35,,-0.6942,-0.0928,-0.7137,-0.7685,-0.1301,-0.6265,0.0384,0.0248,-0.0382,-0.0186,-0.9222,0.0456,-0.3835
0,22:25:36,,-0.4544,0.4884,-0.7450,-0.5268,0.4689,-0.7090,0.0373,0.0224,-0.0407,-0.0094,-0.9265,0.0728,-0.3691
0,22:25:37,,-0.5883,0.4152,-0.6939,-0.6165,0.4047,-0.6754,0.0374,0.0225,-0.0406,-0.0096,-0.9260,0.0716,-0.3706
0,22:25:38,,-0.5924,0.4013,-0.6985,-0.6329,0.3862,-0.6710,0.0376,0.0227,-0.0402,-0.0134,-0.9257,0.0678,-0.3719
0,22:25:39,,-0.5980,-0.2337,-0.7667,-0.6500,-0.2584,-0.7147,0.0377,0.0227,-0.0402,-0.0170,-0.9262,0.0665,-0.3707
0,22:25:40,,-0.6471,0.2313,-0.7265,-0.7066,0.2041,-0.6775,0.0370,0.0238,-0.0402,-0.0116,-0.9281,0.0579,-0.3675
0,22:25:41,,-0.5552,0.0965,-0.8261,-0.5850,0.0795,-0.8072,0.0307,0.0270,-0.0434,0.0522,-0.9396,0.0469,-0.3349
0,22:25:42,,-0.6271,0.1430,-0.7657,-0.6543,0.1276,-0.7454,0.0330,0.0236,-0.0436,0.0295,-0.9364,0.0731,-0.3419
0,22:25:43,,-0.5380,0.5674,-0.6234,-0.5758,0.5514,-0.6037,0.0347,0.0174,-0.0452,0.0219,-0.9297,0.1289,-0.3442
0,22:25:44,,-0.6593,-0.2507,-0.7089,-0.6836,-0.2665,-0.6794,0.0307,0.0317,-0.0401,0.0543,-0.9350,0.0013,-0.3504
0,22:25:45,,0.0000,0.0000,0.0000,NaN,NaN,NaN,0.0279,0.0384,-0.0361,0.0707,-0.9311,-0.0666,-0.3515
0,22:25:46,,-0.6313,0.2318,-0.7401,-0.6583,0.2174,-0.7207,0.0317,0.0294,-0.0410,0.0462,-0.9351,0.0223,-0.3506
0,22:25:47,,-0.6438,-0.1525,-0.7499,-0.6692,-0.1685,-0.7237,0.0316,0.0304,-0.0404,0.0473,-0.9346,0.0126,-0.3522
0,22:25:48,,-0.6670,-0.1268,-0.7342,-0.6937,-0.1435,-0.7059,0.0315,0.0302,-0.0406,0.0440,-0.9361,0.0128,-0.3487
0,22:25:49,,-0.6658,-0.1691,-0.7267,-0.6963,-0.1877,-0.6928,0.0316,0.0306,-0.0401,0.0401,-0.9360,0.0074,-0.3496
0,22:25:50,,-0.6189,0.1502,-0.7710,-0.6462,0.1358,-0.7510,0.0310,0.0294,-0.0416,0.0376,-0.9406,0.0186,-0.3368
0,22:25:51,,-0.6418,0.0349,-0.7660,-0.6777,0.0128,-0.7352,0.0319,0.0263,-0.0429,0.0401,-0.9378,0.0499,-0.3413
0,22:25:52,,-0.6968,-0.1092,-0.7089,-0.7210,-0.1251,-0.6815,0.0320,0.0271,-0.0423,0.0377,-0.9377,0.0419,-0.3428
0,22:25:53,,-0.5878,-0.2435,-0.7714,-0.6122,-0.2583,-0.7473,0.0317,0.0282,-0.0419,0.0424,-0.9372,0.0328,-0.3446
0,22:25:54,,-0.6996,-0.0822,-0.7098,-0.7227,-0.0971,-0.6843,0.0319,0.0279,-0.0419,0.0365,-0.9381,0.0332,-0.3427
0,22:25:55,,-0.6437,-0.0999,-0.7587,-0.6714,-0.1169,-0.7319,0.0315,0.0285,-0.0418,0.0406,-0.9381,0.0291,-0.3426
0,22:25:56,,-0.7227,-0.1243,-0.6799,-0.7437,-0.1379,-0.6541,0.0321,0.0288,-0.0411,0.0341,-0.9369,0.0239,-0.3470
0,22:25:57,,-0.6040,0.3713,-0.7052,-0.6313,0.3590,-0.6875,0.0323,0.0283,-0.0413,0.0327,-0.9369,0.0281,-0.3468
0,22:25:58,,-0.9137,-0.1524,-0.3767,-0.9313,-0.1692,-0.3225,0.0475,0.0293,-0.0209,0.0123,0.8409,0.0000,0.5410
0,22:25:59,,-0.9053,-0.0931,-0.4144,-0.9248,-0.1081,-0.3647,0.0477,0.0288,-0.0211,0.0255,0.8446,0.0023,0.5348
0,22:26:00,,-0.8996,-0.1277,-0.4176,-0.9165,-0.1392,-0.3750,0.0473,0.0265,-0.0246,0.0432,0.8624,-0.0124,0.5043
0,22:26:01,,-0.8778,-0.3556,-0.3209,-0.8918,-0.3703,-0.2600,0.0411,0.0375,-0.0214,-0.0328,0.8553,0.0696,0.5124
0,22:26:02,,0.2670,-0.0256,-0.9634,0.2351,-0.0405,-0.9711,-0.0062,0.0321,-0.0498,0.0434,-0.9982,-0.0232,0.0344
0,22:26:03,,0.8597,-0.1448,-0.4899,0.8444,-0.1669,-0.5091,-0.0339,0.0331,-0.0362,0.1316,-0.9496,-0.0840,0.2719
0,22:26:04,,0.7264,-0.1798,-0.6633,0.6490,-0.2859,-0.7050,-0.0385,0.0344,-0.0298,0.2291,-0.9254,-0.1587,0.2570
0,22:26:05,,0.9843,0.0343,-0.1731,0.9807,0.0106,-0.1950,-0.0463,0.0361,-0.0101,0.1450,-0.8440,-0.1925,0.4791
0,22:26:06,,0.6044,0.6016,-0.5223,0.5921,0.5785,-0.5610,-0.0535,-0.0018,-0.0261,0.2269,-0.8243,0.1812,0.4860
0,22:26:07,,0.8413,0.3855,-0.3789,0.8322,0.3707,-0.4123,-0.0526,0.0070,-0.0271,0.1616,-0.8455,0.1388,0.4896
0,22:26:08,,0.7928,0.4567,-0.4036,0.7816,0.4464,-0.4357,-0.0481,0.0161,-0.0312,0.0850,-0.8768,0.0983,0.4629
0,22:26:09,,0.8396,0.3130,-0.4440,0.8267,0.2983,-0.4770,-0.0494,0.0156,-0.0294,0.1114,-0.8714,0.0873,0.4696
0,22:26:10,,0.2972,0.3581,-0.8851,0.2626,0.3442,-0.9014,-0.0239,0.0141,-0.0527,0.0331,-0.9675,0.1400,0.2080
0,22:26:11,,0.0864,0.3817,-0.9202,0.0521,0.3698,-0.9276,-0.0027,0.0140,-0.0579,0.0262,-0.9891,0.1440,0.0142
0,22:26:12,,0.0514,0.3665,-0.9290,0.0175,0.3547,-0.9348,0.0017,0.0174,-0.0570,0.0294,-0.9924,0.1158,-0.0286
0,22:26:13,,0.1325,0.3563,-0.9249,0.0974,0.3487,-0.9321,0.0012,0.0151,-0.0576,-0.0309,-0.9903,0.1351,0.0019
0,22:26:14,,-0.0842,-0.0643,-0.9944,-0.1179,-0.0779,-0.9900,0.0049,0.0241,-0.0543,0.0258,-0.9963,0.0566,-0.0596
0,22:26:15,,-0.1567,0.3614,-0.9191,-0.1908,0.3491,-0.9174,0.0133,0.0189,-0.0549,0.0242,-0.9850,0.1061,-0.1342
0,22:26:16,,0.1476,0.3963,-0.9062,0.1079,0.3819,-0.9179,0.0034,0.0142,-0.0578,0.0535,-0.9867,0.1443,-0.0523
0,22:26:17,,0.4224,0.3328,-0.8431,0.3951,0.3209,-0.8607,-0.0133,0.0148,-0.0562,0.0722,-0.9846,0.1302,0.0918
0,22:26:18,,0.3000,0.0403,-0.9531,0.2628,0.0216,-0.9646,-0.0170,0.0233,-0.0521,0.0688,-0.9882,0.0525,0.1267
0,22:26:19,,0.0022,-0.1346,-0.9909,-0.0805,-0.1692,-0.9823,-0.0047,0.0266,-0.0531,0.0451,-0.9983,0.0304,0.0209
0,22:26:20,,0.2211,-0.1412,-0.9650,0.1134,-0.1904,-0.9751,-0.0074,0.0307,-0.0505,0.0488,-0.9978,-0.0102,0.0434
0,22:26:21,,0.0974,-0.0187,-0.9951,0.0294,-0.0501,-0.9983,-0.0089,0.0386,-0.0445,0.0510,-0.9928,-0.0935,0.0552
0,22:26:22,,-0.1703,0.4461,-0.8786,-0.2244,0.4278,-0.8756,0.0065,0.0284,-0.0520,0.0159,-0.9972,0.0167,-0.0714
0,22:26:23,,0.0388,0.5541,-0.8316,-0.0142,0.5397,-0.8417,0.0071,0.0035,-0.0591,0.0193,-0.9698,0.2336,-0.0680
0,22:26:24,,0.0900,0.0760,-0.9930,0.0232,0.0513,-0.9984,0.0048,0.0092,-0.0587,0.0177,-0.9812,0.1856,-0.0494
0,22:26:25,,0.1694,0.3928,-0.9039,0.1375,0.3852,-0.9125,0.0047,0.0203,-0.0558,0.0026,-0.9949,0.0900,-0.0449
0,22:26:26,,0.1058,-0.1184,-0.9873,0.0426,-0.1446,-0.9886,-0.0025,0.0228,-0.0550,0.0378,-0.9970,0.0669,0.0044
0,22:26:27,,0.0533,-0.0513,-0.9973,0.0193,-0.0652,-0.9977,0.0000,0.0225,-0.0552,0.0321,-0.9969,0.0697,-0.0156
0,22:26:29,,0.3297,-0.1250,-0.9358,0.2987,-0.1399,-0.9440,-0.0002,0.0227,-0.0551,0.0340,-0.9970,0.0684,-0.0151
0,22:26:30,,0.3021,-0.1675,-0.9385,0.2726,-0.1819,-0.9448,-0.0014,0.0238,-0.0546,0.0420,-0.9974,0.0581,-0.0080
0,22:26:31,,0.0485,-0.1308,-0.9902,-0.0236,-0.1631,-0.9863,-0.0030,0.0256,-0.0537,0.0532,-0.9978,0.0402,-0.0001
0,22:26:32,,-0.2813,0.0677,-0.9572,-0.3157,0.0522,-0.9474,0.0017,0.0264,-0.0534,0.0291,-0.9985,0.0344,-0.0323
0,22:26:33,,0.1246,0.3066,-0.9436,0.0925,0.2960,-0.9507,0.0036,0.0240,-0.0544,0.0279,-0.9968,0.0578,-0.0476
0,22:26:34,,-0.2049,0.4017,-0.8926,-0.2393,0.3870,-0.8905,0.0031,0.0233,-0.0548,0.0327,-0.9964,0.0641,-0.0452
0,22:26:35,,0.0522,0.5058,-0.8610,0.0209,0.4971,-0.8674,0.0035,0.0219,-0.0553,0.0325,-0.9953,0.0770,-0.0485
0,22:26:36,,0.0846,0.3684,-0.9258,0.0524,0.3572,-0.9326,0.0026,0.0221,-0.0553,0.0411,-0.9954,0.0744,-0.0439
0,22:26:37,,0.3297,0.2039,-0.9218,0.3004,0.1904,-0.9346,-0.0069,0.0209,-0.0554,0.0626,-0.9942,0.0806,0.0348
0,22:26:38,,0.3016,0.0579,-0.9517,0.2169,0.0164,-0.9760,-0.0052,0.0210,-0.0555,0.0619,-0.9947,0.0802,0.0192
0,22:26:39,,NaN,NaN,NaN,NaN,NaN,NaN,-0.0026,0.0223,-0.0552,0.0606,-0.9956,0.0708,-0.0055
0,22:26:40,,0.3264,0.3395,-0.8822,0.2982,0.3297,-0.8958,-0.0032,0.0198,-0.0561,0.0443,-0.9947,0.0927,0.0091
0,22:26:41,,0.1023,0.4860,-0.8679,0.0702,0.4744,-0.8775,-0.0027,0.0147,-0.0577,0.0558,-0.9890,0.1373,0.0014
0,22:26:42,,0.3348,0.3654,-0.8686,0.3070,0.3550,-0.8830,-0.0037,0.0143,-0.0577,0.0602,-0.9883,0.1398,0.0087
0,22:26:43,,0.2638,0.0980,-0.9596,0.1867,0.0612,-0.9805,-0.0051,0.0163,-0.0571,0.0645,-0.9902,0.1220,0.0193
0,22:26:44,,0.3190,0.2561,-0.9125,0.2894,0.2430,-0.9258,-0.0060,0.0192,-0.0561,0.0641,-0.9930,0.0961,0.0262
0,22:26:45,,0.2188,-0.2001,-0.9550,0.1650,-0.2253,-0.9602,-0.0057,0.0220,-0.0551,0.0600,-0.9954,0.0713,0.0238
0,22:26:46,,0.1791,0.3429,-0.9222,0.1428,0.3268,-0.9342,-0.0090,0.0227,-0.0543,0.0673,-0.9944,0.0627,0.0513
0,22:26:47,,0.2869,0.3187,-0.9034,0.2569,0.3051,-0.9170,-0.0114,0.0215,-0.0544,0.0711,-0.9922,0.0717,0.0726
0,22:26:48,,0.3431,-0.0288,-0.9389,0.2833,-0.0597,-0.9572,-0.0114,0.0214,-0.0544,0.0720,-0.9922,0.0728,0.0716
0,22:26:49,,0.3220,0.3887,-0.8633,0.2938,0.3768,-0.8784,-0.0114,0.0213,-0.0545,0.0723,-0.9920,0.0741,0.0718
0,22:26:50,,0.2811,0.1105,-0.9533,0.2242,0.0819,-0.9711,-0.0113,0.0212,-0.0545,0.0719,-0.9921,0.0747,0.0709
0,22:26:51,,0.3106,0.1197,-0.9430,0.2229,0.0753,-0.9719,-0.0113,0.0212,-0.0545,0.0731,-0.9920,0.0749,0.0709
0,22:26:52,motorcycleride,0.2941,0.1139,-0.9490,0.2279,0.0804,-0.9704,-0.0114,0.0213,-0.0545,0.0733,-0.9920,0.0737,0.0712
0,22:26:53,motorcycleride,0.0034,0.4701,-0.8826,-0.0288,0.4551,-0.8900,-0.0081,0.0170,-0.0565,0.0697,-0.9901,0.1139,0.0442
0,22:26:54,motorcycleride,-0.0447,0.8022,-0.5954,-0.0774,0.7945,-0.6024,0.0055,-0.0030,-0.0593,0.0366,-0.9556,0.2870,-0.0566
0,22:26:55,motorcycleride,0.0644,0.0678,-0.9956,0.0069,0.0436,-0.9990,0.0036,0.0176,-0.0568,0.0359,-0.9915,0.1147,-0.0488
0,22:26:56,motorcycleride,-0.0636,0.3854,-0.9206,-0.1088,0.3691,-0.9230,0.0053,0.0211,-0.0555,0.0304,-0.9939,0.0843,-0.0638
0,22:26:57,motorcycleride,0.0293,0.1630,-0.9862,-0.0095,0.1479,-0.9890,0.0069,0.0161,-0.0569,0.0265,-0.9886,0.1282,-0.0744
0,22:26:58,motorcycleride,0.4798,0.2167,-0.8502,0.4541,0.2046,-0.8672,-0.0115,0.0213,-0.0544,0.0588,-0.9923,0.0748,0.0795
0,22:26:59,motorcycleride,-0.9764,0.0051,-0.2159,-0.9820,-0.0049,-0.1887,0.0434,0.0235,-0.0334,-0.0345,-0.8973,0.0516,-0.4371
0,22:27:00,motorcycleride,-0.9655,-0.1061,0.2377,-0.9559,-0.1164,0.2697,0.0523,0.0284,0.0024,0.0141,0.6924,-0.0078,0.7213
0,22:27:01,motorcycleride,-0.9963,-0.0792,-0.0326,-0.9955,-0.0953,0.0005,0.0507,0.0312,0.0014,-0.0502,0.6697,-0.0346,0.7401
0,22:27:02,motorcycleride,-0.9912,-0.1284,0.0317,-0.9876,-0.1421,0.0661,0.0482,0.0349,0.0028,-0.0532,0.6727,0.0148,0.7378
0,22:27:03,motorcycleride,-0.9930,-0.1180,0.0044,-0.9904,-0.1326,0.0385,0.0484,0.0348,0.0015,-0.0605,0.6770,0.0061,0.7335
0,22:27:04,motorcycleride,-0.9986,0.0476,-0.0230,-0.9994,0.0329,0.0103,0.0483,0.0349,0.0006,-0.0678,0.6787,0.0004,0.7313
0,22:27:05,motorcycleride,-0.9948,-0.0897,-0.0482,-0.9943,-0.1053,-0.0147,0.0479,0.0354,-0.0005,-0.0759,0.6834,0.0012,0.7261
0,22:27:06,motorcycleride,-0.8201,0.5721,0.0099,-0.8274,0.5600,0.0420,0.0579,0.0139,-0.0017,0.0588,0.6920,-0.1452,0.7047
0,22:27:07,motorcycleride,-0.5047,0.8583,-0.0920,-0.5207,0.8513,-0.0637,0.0586,-0.0087,-0.0065,0.1445,0.6864,-0.3124,0.6407
0,22:27:08,motorcycleride,-0.8031,0.5944,0.0418,-0.8135,0.5770,0.0724,0.0592,0.0015,-0.0062,0.0754,0.6911,-0.2643,0.6684
0,22:27:09,motorcycleride,-0.9755,-0.2197,0.0103,-0.9710,-0.2340,0.0483,0.0432,0.0410,0.0021,-0.0955,0.6754,0.0669,0.7281
0,22:27:10,motorcycleride,-0.9901,-0.1200,0.0723,-0.9846,-0.1370,0.1088,0.0457,0.0381,-0.0035,-0.1025,0.6989,0.0175,0.7076
0,22:27:11,motorcycleride,-0.9406,-0.2614,0.2166,-0.9295,-0.2743,0.2464,0.0480,0.0351,-0.0038,-0.0832,0.7015,-0.0080,0.7077
0,22:27:12,motorcycleride,-0.9934,-0.1123,-0.0242,-0.9916,-0.1287,0.0092,0.0482,0.0347,-0.0040,-0.0829,0.7019,-0.0120,0.7073
0,22:27:13,motorcycleride,-0.9829,-0.0309,-0.1814,-0.9876,-0.0484,-0.1492,0.0490,0.0328,-0.0086,-0.0805,0.7291,-0.0318,0.6789
0,22:27:14,motorcycleride,-0.2988,0.0671,-0.9520,-0.3250,0.0484,-0.9445,0.0286,0.0245,-0.0462,0.1113,-0.9318,0.0850,-0.3348
0,22:27:15,motorcycleride,-0.9977,-0.0538,0.0413,-0.9951,-0.0637,0.0751,0.0536,0.0254,-0.0063,0.0420,0.7522,-0.0215,0.6572
0,22:27:16,motorcycleride,-0.9688,-0.0884,0.2316,-0.9591,-0.0993,0.2649,0.0526,0.0262,0.0098,0.0303,0.6406,-0.0194,0.7670
0,22:27:17,motorcycleride,-0.9681,-0.0524,0.2449,-0.9585,-0.0643,0.2777,0.0526,0.0274,0.0061,0.0134,0.6618,-0.0224,0.7493
0,22:27:18,motorcycleride,-0.9230,-0.0156,0.3844,-0.9103,-0.0283,0.4129,0.0526,0.0277,0.0036,-0.0002,0.6725,-0.0320,0.7394
0,22:27:19,motorcycleride,-0.9858,-0.0988,0.1360,-0.9792,-0.1119,0.1695,0.0526,0.0278,0.0037,-0.0019,0.6709,-0.0327,0.7408
0,22:27:20,motorcycleride,-0.9977,-0.0619,0.0290,-0.9951,-0.0758,0.0632,0.0525,0.0281,0.0031,-0.0066,0.6736,-0.0337,0.7383
0,22:27:21,motorcycleride,-0.9929,-0.0383,0.1130,-0.9878,-0.0541,0.1459,0.0523,0.0286,-0.0006,-0.0322,0.6863,-0.0512,0.7248
0,22:27:22,motorcycleride,-0.9910,-0.0489,0.1248,-0.9854,-0.0641,0.1578,0.0525,0.0282,0.0008,-0.0242,0.6795,-0.0485,0.7317
0,22:27:23,motorcycleride,-0.9974,0.0689,-0.0230,-0.9985,0.0535,0.0107,0.0522,0.0287,0.0000,-0.0283,0.6851,-0.0454,0.7265
0,22:27:24,motorcycleride,-0.9955,-0.0489,0.0817,-0.9907,-0.0656,0.1193,0.0507,0.0314,0.0002,-0.0416,0.6853,-0.0227,0.7267
0,22:27:25,motorcycleride,-0.9889,-0.0821,0.1239,-0.9828,-0.0965,0.1573,0.0505,0.0316,0.0007,-0.0402,0.6831,-0.0191,0.7290
0,22:27:26,motorcycleride,-0.9858,-0.1476,0.0801,-0.9803,-0.1615,0.1138,0.0505,0.0317,0.0012,-0.0379,0.6818,-0.0156,0.7304
0,22:27:27,motorcycleride,-0.9757,-0.1754,0.1314,-0.9685,-0.1862,0.1655,0.0501,0.0320,0.0041,-0.0127,0.6788,0.0157,0.7341
0,22:27:28,motorcycleride,-0.9778,-0.1059,0.1808,-0.9695,-0.1192,0.2143,0.0488,0.0339,0.0044,-0.0462,0.6612,0.0069,0.7487
0,22:27:29,motorcycleride,-0.9932,-0.1078,0.0444,-0.9895,-0.1212,0.0787,0.0499,0.0323,0.0034,-0.0327,0.6716,-0.0015,0.7402
0,22:27:30,motorcycleride,-0.9987,0.0500,-0.0011,-0.9987,0.0387,0.0335,0.0486,0.0339,0.0061,-0.0272,0.6629,0.0284,0.7477
0,22:27:31,motorcycleride,-0.9988,-0.0486,0.0095,-0.9971,-0.0617,0.0440,0.0488,0.0339,0.0047,-0.0385,0.6645,0.0147,0.7461
0,22:27:32,motorcycleride,-0.3983,-0.1145,-0.9101,-0.4197,-0.1329,-0.8979,0.0328,0.0364,-0.0340,0.1244,-0.8900,-0.0184,-0.4383
0,22:27:33,motorcycleride,0.2287,0.3613,-0.9040,0.1873,0.3429,-0.9205,-0.0082,0.0171,-0.0565,0.0759,-0.9899,0.1121,0.0418
0,22:27:34,motorcycleride,0.0389,0.4059,-0.9131,-0.0006,0.3903,-0.9207,-0.0088,0.0167,-0.0565,0.0281,-0.9901,0.1192,0.0681
0,22:27:35,motorcycleride,0.1662,0.3053,-0.9376,0.1202,0.2910,-0.9491,-0.0037,0.0177,-0.0568,0.0070,-0.9931,0.1127,0.0310
0,22:27:36,motorcycleride,0.0982,0.3999,-0.9113,0.0617,0.3886,-0.9193,-0.0038,0.0177,-0.0568,0.0071,-0.9931,0.1125,0.0319
0,22:27:37,,0.2420,0.0897,-0.9661,0.1978,0.0747,-0.9774,-0.0040,0.0177,-0.0568,0.0072,-0.9930,0.1128,0.0331
0,22:27:38,,0.1481,0.5191,-0.8418,0.1144,0.5101,-0.8524,-0.0046,0.0176,-0.0567,0.0134,-0.9928,0.1132,0.0360
0,22:27:39,,0.1328,0.5531,-0.8225,0.0994,0.5446,-0.8328,-0.0044,0.0176,-0.0567,0.0122,-0.9929,0.1130,0.0351
0,22:27:40,,0.2322,0.1183,-0.9655,0.1944,0.1052,-0.9753,-0.0044,0.0177,-0.0567,0.0120,-0.9930,0.1126,0.0351
0,22:27:41,,0.3730,0.0773,-0.9246,0.3417,0.0658,-0.9375,-0.0045,0.0176,-0.0567,0.0133,-0.9929,0.1131,0.0355
0,22:27:42,,0.3077,0.1039,-0.9458,0.2759,0.0925,-0.9567,-0.0047,0.0178,-0.0567,0.0155,-0.9930,0.1110,0.0366
0,22:27:43,,0.1261,0.1801,-0.9755,0.0917,0.1676,-0.9816,-0.0049,0.0180,-0.0566,0.0178,-0.9931,0.1098,0.0375
0,22:27:44,,0.2568,0.1038,-0.9609,0.2236,0.0915,-0.9704,-0.0052,0.0179,-0.0566,0.0211,-0.9929,0.1105,0.0387
0,22:27:45,,0.2990,0.0603,-0.9523,0.2669,0.0480,-0.9625,-0.0055,0.0183,-0.0564,0.0234,-0.9933,0.1061,0.0404
0,22:27:46,,0.2180,-0.0394,-0.9752,0.1795,-0.0546,-0.9822,-0.0061,0.0190,-0.0561,0.0294,-0.9936,0.0999,0.0429
0,22:27:47,,0.2851,-0.1956,-0.9383,0.2396,-0.2161,-0.9465,-0.0080,0.0307,-0.0505,0.0370,-0.9977,-0.0094,0.0564
0,22:27:48,,-0.0878,0.4999,-0.8616,-0.1202,0.4878,-0.8646,0.0003,0.0226,-0.0552,0.0372,-0.9966,0.0697,-0.0214
0,22:27:49,,0.0550,0.3991,-0.9153,0.0220,0.3877,-0.9215,0.0010,0.0219,-0.0554,0.0362,-0.9961,0.0758,-0.0269
0,22:27:50,,0.1425,0.2248,-0.9639,0.1095,0.2122,-0.9711,0.0001,0.0219,-0.0554,0.0355,-0.9964,0.0754,-0.0180
0,22:27:51,,0.2843,0.0688,-0.9563,0.2541,0.0554,-0.9656,-0.0005,0.0218,-0.0554,0.0407,-0.9962,0.0759,-0.0150
0,22:27:52,,0.0855,0.3278,-0.9409,0.0525,0.3153,-0.9476,-0.0006,0.0218,-0.0555,0.0419,-0.9961,0.0763,-0.0150
0,22:27:53,,0.2645,0.0780,-0.9612,0.2338,0.0644,-0.9701,-0.0007,0.0218,-0.0554,0.0419,-0.9961,0.0759,-0.0142
0,22:27:54,,0.2190,-0.0310,-0.9752,0.1843,-0.0467,-0.9818,-0.0007,0.0219,-0.0554,0.0426,-0.9961,0.0756,-0.0144
0,22:27:55,,0.3005,0.1782,-0.9370,0.2712,0.1660,-0.9481,-0.0007,0.0218,-0.0554,0.0423,-0.9961,0.0758,-0.0138
0,22:27:56,,0.1921,0.1200,-0.9740,0.1600,0.1061,-0.9814,-0.0009,0.0206,-0.0559,0.0448,-0.9952,0.0865,-0.0128
0,22:27:57,,0.4685,0.0335,-0.8828,0.4445,0.0206,-0.8955,-0.0019,0.0212,-0.0557,0.0489,-0.9955,0.0809,-0.0054
0,22:27:58,,0.7746,-0.1175,-0.6215,0.7502,-0.1360,-0.6470,-0.0297,0.0295,-0.0424,0.0529,-0.9612,-0.0121,0.2704
0,22:27:59,,0.6432,-0.0753,-0.7620,0.6158,-0.0918,-0.7825,-0.0301,0.0338,-0.0388,0.0434,-0.9552,-0.0546,0.2875
0,22:28:00,,0.6203,-0.0232,-0.7840,0.5938,-0.0395,-0.8036,-0.0293,0.0329,-0.0401,0.0528,-0.9601,-0.0471,0.2705
0,22:28:01,,0.6104,-0.1226,-0.7826,0.5826,-0.1390,-0.8008,-0.0284,0.0333,-0.0405,0.0505,-0.9625,-0.0498,0.2620
0,22:28:02,,0.6044,0.2955,-0.7398,0.5821,0.2828,-0.7624,-0.0288,0.0293,-0.0432,0.0603,-0.9647,-0.0108,0.2562
0,22:28:03,,0.5249,-0.1362,-0.8402,0.4898,-0.1551,-0.8579,-0.0178,0.0272,-0.0499,0.0504,-0.9879,0.0187,0.1452
0,22:28:04,,-0.2637,0.4430,-0.8569,-0.2973,0.4300,-0.8525,0.0095,0.0198,-0.0554,0.0117,-0.9909,0.0957,-0.0934
0,22:28:05,,0.2680,-0.0421,-0.9625,0.2377,-0.0548,-0.9698,0.0031,0.0232,-0.0548,0.0166,-0.9971,0.0638,-0.0374
0,22:28:06,,0.3918,0.2338,-0.8899,0.3639,0.2200,-0.9051,-0.0130,0.0253,-0.0524,0.0711,-0.9930,0.0364,0.0867
0,22:28:07,,0.3157,-0.1171,-0.9416,0.2317,-0.1587,-0.9597,-0.0149,0.0235,-0.0527,0.0726,-0.9905,0.0517,0.1044
0,22:28:08,,0.2936,-0.1463,-0.9447,0.2269,-0.1783,-0.9575,-0.0136,0.0239,-0.0528,0.0665,-0.9920,0.0491,0.0951
0,22:28:09,,0.1492,0.0127,-0.9887,0.0813,-0.0197,-0.9965,-0.0160,0.0250,-0.0517,0.0617,-0.9901,0.0385,0.1204
0,22:28:10,,-0.5528,0.4657,-0.6910,-0.5804,0.4535,-0.6763,0.0220,0.0208,-0.0513,-0.0334,-0.9775,0.0799,-0.1924
0,22:28:11,,-0.3666,0.9297,0.0371,-0.3949,0.9170,0.0556,0.0463,-0.0295,-0.0231,-0.1003,-0.7232,0.5153,-0.4488
0,22:28:12,,0.1652,0.9798,0.1124,0.1512,0.9780,0.1434,0.0408,-0.0434,0.0002,0.3775,0.5588,-0.4998,0.5436
0,22:28:13,,-0.0221,0.9988,-0.0443,-0.0322,0.9994,-0.0099,0.0380,-0.0454,0.0070,0.4351,0.5005,-0.4759,0.5777
0,22:28:14,,-0.8061,-0.0251,-0.5912,-0.8299,-0.0374,-0.5567,0.0465,0.0184,-0.0324,-0.0636,-0.8845,0.0871,-0.4538
0,22:28:15,,0.1327,-0.1417,-0.9810,0.0982,-0.1606,-0.9821,-0.0082,0.0394,-0.0440,0.0826,-0.9908,-0.1045,0.0248
0,22:28:16,,0.0531,0.4080,-0.9114,0.0193,0.3956,-0.9182,-0.0011,0.0142,-0.0579,0.0374,-0.9891,0.1426,-0.0048
0,22:28:17,,0.0317,0.3250,-0.9452,-0.0024,0.3120,-0.9501,0.0001,0.0179,-0.0568,0.0350,-0.9930,0.1113,-0.0165
0,22:28:18,,0.0480,0.3261,-0.9441,0.0140,0.3134,-0.9495,0.0005,0.0178,-0.0569,0.0323,-0.9930,0.1123,-0.0186
0,22:28:19,,0.0919,0.3108,-0.9460,0.0581,0.2988,-0.9526,0.0009,0.0181,-0.0568,0.0295,-0.9933,0.1099,-0.0209
0,22:28:20,,0.2826,0.1222,-0.9514,0.2524,0.1098,-0.9614,0.0002,0.0182,-0.0567,0.0345,-0.9934,0.1079,-0.0169
0,22:28:21,,0.1029,0.5362,-0.8378,0.0717,0.5275,-0.8465,0.0002,0.0181,-0.0568,0.0354,-0.9932,0.1093,-0.0180
0,22:28:22,,-0.2577,0.5146,-0.8178,-0.2891,0.4998,-0.8164,0.0027,0.0176,-0.0569,0.0430,-0.9916,0.1143,-0.0434
0,22:28:23,cityview,-0.2602,0.5017,-0.8250,-0.2923,0.4872,-0.8229,0.0055,0.0168,-0.0569,0.0395,-0.9894,0.1225,-0.0675
0,22:28:24,cityview,-0.4489,0.4180,-0.7898,-0.4800,0.4028,-0.7793,0.0149,0.0158,-0.0555,0.0105,-0.9811,0.1318,-0.1416
0,22:28:25,cityview,-0.7667,0.5528,0.3265,-0.7661,0.5349,0.3563,0.0595,0.0032,0.0003,0.1249,0.6720,-0.2064,0.7001
0,22:28:26,cityview,-0.2002,0.9526,0.2289,-0.1917,0.9458,0.2621,0.0457,-0.0231,0.0305,0.3681,0.4186,-0.2577,0.7893
0,22:28:27,cityview,-0.2718,0.9406,0.2035,-0.2645,0.9342,0.2392,0.0408,-0.0336,0.0276,0.4412,0.3980,-0.3047,0.7444
0,22:28:28,cityview,-0.4176,0.7854,0.4569,-0.4094,0.7705,0.4887,0.0432,-0.0317,0.0261,0.4118,0.4201,-0.3212,0.7421
0,22:28:29,cityview,-0.9468,-0.0027,0.3217,-0.9355,-0.0164,0.3529,0.0551,0.0155,0.0166,0.0847,0.5792,-0.1074,0.8036
0,22:28:30,cityview,-0.9751,0.2177,0.0435,-0.9762,0.2024,0.0772,0.0579,0.0134,0.0037,0.0702,0.6585,-0.1437,0.7354
0,22:28:31,cityview,-0.2246,0.6892,0.6889,-0.2051,0.6723,0.7113,0.0418,-0.0032,0.0423,0.2450,0.3519,-0.1572,0.8896
0,22:28:32,cityview,-0.0982,0.1601,0.9822,-0.0672,0.1489,0.9866,0.0121,-0.0015,0.0583,0.2707,0.0957,-0.0381,0.9571
0,22:28:33,cityview,0.1514,0.1473,0.9774,0.1786,0.1359,0.9745,0.0118,0.0028,0.0583,0.2369,0.0969,-0.0239,0.9664
0,22:28:34,cityview,-0.0641,0.9792,0.1926,-0.0367,0.9764,0.2128,0.0145,-0.0266,0.0513,0.4642,0.1194,-0.1106,0.8706
0,22:28:35,cityview,0.0313,0.9994,0.0167,0.0567,0.9976,0.0386,0.0166,-0.0345,0.0456,0.5240,0.1478,-0.1457,0.8260
0,22:28:36,cityview,-0.9860,0.1519,0.0690,-0.9848,0.1399,0.1027,0.0538,0.0202,0.0157,0.0612,0.5901,-0.0694,0.8020
0,22:28:37,cityview,-0.8557,0.4322,-0.2847,-0.8701,0.4214,-0.2556,0.0548,0.0209,-0.0103,0.0149,0.7506,-0.0969,0.6535
0,22:28:38,cityview,-0.5162,0.7081,-0.4818,-0.5423,0.7022,-0.4614,0.0520,-0.0002,-0.0290,-0.0889,-0.8241,0.2516,-0.4997
0,22:28:39,cityview,-0.3132,0.3322,-0.8897,-0.3442,0.3216,-0.8821,0.0364,0.0008,-0.0472,-0.0305,-0.9091,0.2581,-0.3256
0,22:28:40,cityview,-0.9352,0.0587,-0.3492,-0.9471,0.0449,-0.3177,0.0532,0.0168,-0.0210,0.0414,0.8125,-0.1181,0.5694
0,22:28:41,cityview,-0.5740,0.4414,-0.6897,-0.6010,0.4321,-0.6724,0.0496,0.0128,-0.0303,0.0253,0.8491,-0.1627,0.5020
0,22:28:42,cityview,-0.2235,0.4814,-0.8476,-0.2560,0.4653,-0.8473,0.0163,0.0077,-0.0568,0.0861,-0.9583,0.2098,-0.1739
0,22:28:43,cityview,-0.0447,0.2795,-0.9591,-0.0745,0.2642,-0.9616,0.0176,0.0108,-0.0559,0.0837,-0.9607,0.1855,-0.1890
0,22:28:44,cityview,0.1036,0.3421,-0.9339,0.0729,0.3284,-0.9417,0.0056,0.0138,-0.0577,0.0798,-0.9821,0.1499,-0.0820
0,22:28:45,cityview,0.1008,0.3402,-0.9349,0.0701,0.3262,-0.9427,0.0046,0.0154,-0.0574,0.0830,-0.9843,0.1358,-0.0764
0,22:28:46,cityview,-0.2525,0.4965,-0.8305,-0.2847,0.4806,-0.8294,0.0105,0.0142,-0.0569,0.0828,-0.9767,0.1508,-0.1286
0,22:28:47,cityview,-0.2610,0.4717,-0.8422,-0.2938,0.4564,-0.8399,0.0151,0.0133,-0.0561,0.0698,-0.9708,0.1604,-0.1641
0,22:28:48,cityview,-0.2532,0.4760,-0.8422,-0.2858,0.4608,-0.8402,0.0153,0.0131,-0.0561,0.0717,-0.9699,0.1623,-0.1668
0,22:28:49,cityview,-0.2517,0.4786,-0.8412,-0.2844,0.4634,-0.8393,0.0154,0.0133,-0.0560,0.0735,-0.9696,0.1615,-0.1684
0,22:28:50,cityview,-0.2445,0.5121,-0.8234,-0.2769,0.4976,-0.8220,0.0154,0.0133,-0.0560,0.0741,-0.9696,0.1612,-0.1684
0,22:28:51,cityview,0.2551,0.4263,-0.8678,0.2305,0.4156,-0.8799,0.0062,0.0123,-0.0580,0.1034,-0.9764,0.1639,-0.0952
0,22:28:52,cityview,0.0173,0.3479,-0.9374,-0.0160,0.3302,-0.9438,-0.0067,0.0100,-0.0584,0.0921,-0.9803,0.1728,0.0263
0,22:28:53,cityview,-0.2227,0.3722,-0.9010,-0.2553,0.3549,-0.8994,0.0045,0.0144,-0.0577,0.0718,-0.9845,0.1439,-0.0697
0,22:28:54,,0.0599,0.1096,-0.9922,0.0222,0.0903,-0.9957,0.0039,0.0161,-0.0572,0.0741,-0.9866,0.1289,-0.0670
0,22:28:55,,-0.0744,0.1207,-0.9899,-0.1161,0.0994,-0.9883,0.0047,0.0214,-0.0554,0.0714,-0.9909,0.0831,-0.0777
0,22:28:56,nicewaterfall,-0.0590,0.1150,-0.9916,-0.0920,0.0983,-0.9909,0.0045,0.0220,-0.0552,0.0713,-0.9915,0.0776,-0.0766
0,22:28:57,nicewaterfall,-0.7818,0.4588,-0.4222,-0.8020,0.4435,-0.4001,0.0367,0.0185,-0.0432,-0.0100,-0.9285,0.1091,-0.3548
0,22:28:58,nicewaterfall,-0.4464,0.7894,0.4214,-0.4359,0.7779,0.4527,0.0524,-0.0050,0.0279,0.2499,0.4875,-0.1687,0.8194
0,22:28:59,nicewaterfall,-0.7822,0.3438,0.5196,-0.7645,0.3347,0.5510,0.0431,-0.0040,0.0410,0.2691,0.3769,-0.1153,0.8787
0,22:29:00,nicewaterfall,-0.7223,0.4720,-0.5055,-0.7446,0.4636,-0.4803,0.0565,0.0020,-0.0189,0.1134,0.7802,-0.2197,0.5746
0,22:29:01,nicewaterfall,-0.7144,0.6887,-0.1239,-0.7305,0.6762,-0.0958,0.0549,0.0064,-0.0222,0.0844,0.8030,-0.1940,0.5572
0,22:29:03,nicewaterfall,-0.7913,0.1305,-0.5974,-0.8123,0.1185,-0.5710,0.0517,0.0163,-0.0246,0.0493,0.8340,-0.1163,0.5371
0,22:29:04,nicewaterfall,-0.7333,-0.4872,-0.4743,-0.7453,-0.4982,-0.4431,0.0385,0.0394,-0.0227,-0.0649,0.8569,0.0747,0.5059
0,22:29:05,nicewaterfall,-0.8255,0.0532,-0.5619,-0.8441,0.0407,-0.5347,0.0381,0.0402,-0.0220,-0.0760,0.8509,0.0791,0.5137
0,22:29:06,nicewaterfall,-0.6765,-0.6890,0.2600,-0.6645,-0.6908,0.2851,0.0388,0.0450,-0.0045,-0.1407,0.7121,0.0935,0.6814
0,22:29:07,nicewaterfall,-0.6693,-0.6900,0.2758,-0.6532,-0.6936,0.3037,0.0364,0.0466,0.0071,-0.1424,0.6252,0.1174,0.7583
0,22:29:08,nicewaterfall,-0.8105,-0.5666,-0.1487,-0.8062,-0.5800,-0.1173,0.0386,0.0452,0.0041,-0.1300,0.6532,0.1033,0.7387
0,22:29:09,nicewaterfall,-0.0162,0.1569,-0.9875,-0.0475,0.1392,-0.9891,0.0062,0.0238,-0.0543,0.0993,-0.9871,0.0633,-0.1083
0,22:29:10,nicewaterfall,0.2793,0.0797,-0.9569,0.2485,0.0606,-0.9667,-0.0093,0.0236,-0.0539,0.1092,-0.9922,0.0504,0.0319
0,22:29:11,deepseadiving,-0.2055,0.1716,-0.9635,-0.2369,0.1523,-0.9595,0.0018,0.0266,-0.0533,0.1101,-0.9904,0.0344,-0.0764
0,22:29:12,deepseadiving,-0.9444,0.2941,-0.1470,-0.9528,0.2814,-0.1141,0.0539,0.0187,-0.0171,0.0623,0.8029,-0.0837,0.5869
0,22:29:13,deepseadiving,-0.7508,0.6490,0.1227,-0.7526,0.6397,0.1561,0.0583,0.0112,0.0048,0.1297,0.6703,-0.1079,0.7226
0,22:29:14,deepseadiving,-0.9265,0.2882,0.2419,-0.9203,0.2747,0.2786,0.0579,0.0059,0.0129,0.1579,0.6076,-0.1427,0.7652
0,22:29:15,deepseadiving,-0.9979,-0.0110,-0.0640,-0.9993,-0.0250,-0.0287,0.0568,0.0179,-0.0021,0.0555,0.7059,-0.1001,0.6990
0,22:29:16,deepseadiving,-0.7704,-0.0264,-0.6371,-0.7892,-0.0418,-0.6127,0.0495,0.0234,-0.0234,-0.0178,0.8252,-0.0840,0.5582
0,22:29:17,deepseadiving,-0.7535,0.6424,0.1397,-0.7655,0.6219,0.1648,0.0551,-0.0078,-0.0212,0.1062,0.7658,-0.3180,0.5488
0,22:29:18,deepseadiving,-0.8482,0.4606,-0.2615,-0.8648,0.4453,-0.2319,0.0559,-0.0054,-0.0200,0.1199,0.7686,-0.2872,0.5590
0,22:29:19,deepseadiving,-0.9824,-0.0793,-0.1691,-0.9859,-0.0918,-0.1400,0.0554,0.0099,-0.0197,0.0623,0.7924,-0.1757,0.5809
0,22:29:20,deepseadiving,-0.1762,0.1517,-0.9726,-0.2037,0.1351,-0.9697,0.0234,0.0255,-0.0485,0.1014,-0.9526,0.0670,-0.2789
0,22:29:21,deepseadiving,NaN,NaN,NaN,NaN,NaN,NaN,0.0003,0.0092,-0.0589,0.0426,-0.9816,0.1852,-0.0174
0,22:29:22,deepseadiving,-0.1244,0.2546,-0.9590,-0.1577,0.2417,-0.9575,0.0075,0.0296,-0.0512,0.0376,-0.9948,0.0064,-0.0946
0,22:29:23,sittinginpark,-0.0517,0.2872,-0.9565,-0.0831,0.2739,-0.9582,0.0043,0.0323,-0.0499,0.0677,-0.9940,-0.0193,-0.0835
0,22:29:24,sittinginpark,-0.0403,0.2877,-0.9569,-0.0724,0.2753,-0.9586,0.0053,0.0311,-0.0506,0.0495,-0.9954,-0.0081,-0.0811
0,22:29:25,sittinginpark,-0.9214,-0.0367,-0.3868,-0.9315,-0.0472,-0.3607,0.0344,0.0279,-0.0399,0.0006,-0.9356,0.0213,-0.3524
0,22:29:26,sittinginpark,-0.8156,-0.1867,0.5476,-0.7964,-0.1957,0.5722,0.0512,0.0181,0.0245,0.0915,0.5292,-0.0599,0.8414
0,22:29:27,sittinginpark,-0.7192,-0.0044,0.6948,-0.6949,-0.0149,0.7189,0.0429,0.0183,0.0371,0.1027,0.4179,-0.0344,0.9020
0,22:29:28,sittinginpark,-0.6989,0.0127,-0.7151,-0.7226,0.0026,-0.6912,0.0442,0.0315,-0.0246,-0.0112,-0.8685,-0.0240,-0.4949
0,22:29:29,sittinginpark,0.6992,0.1633,-0.6960,0.6784,0.1490,-0.7195,-0.0290,0.0259,-0.0452,0.0720,-0.9659,0.0192,0.2479
0,22:29:30,sittinginpark,0.9909,0.0829,0.1065,0.9948,0.0680,0.0760,-0.0548,0.0218,-0.0086,0.0993,-0.7765,0.0155,0.6221
0,22:29:31,sittinginpark,0.9723,-0.0909,-0.2153,0.9642,-0.1034,-0.2442,-0.0560,0.0200,0.0039,0.0959,-0.6923,0.0325,0.7145
0,22:29:32,sittinginpark,0.8301,0.5322,0.1663,0.8430,0.5210,0.1336,-0.0559,0.0187,0.0087,0.1074,-0.6613,0.0338,0.7417
0,22:29:33,sittinginpark,0.9427,-0.0630,-0.3276,0.9314,-0.0749,-0.3561,-0.0558,0.0207,-0.0014,0.0768,-0.7206,0.0453,0.6875
0,22:29:34,sittinginpark,-0.1181,0.2096,-0.9706,-0.1488,0.1967,-0.9691,-0.0117,0.0215,-0.0543,0.0043,-0.9911,0.0789,0.1074
0,22:29:35,sittinginpark,-0.0955,0.3719,-0.9233,-0.1280,0.3617,-0.9235,0.0167,0.0215,-0.0530,0.0264,-0.9815,0.0837,-0.1701
0,22:29:36,sittinginpark,-0.1083,0.1445,-0.9836,-0.1447,0.1295,-0.9810,0.0105,0.0187,-0.0556,0.0283,-0.9877,0.1073,-0.1099
0,22:29:37,sittinginpark,-0.0620,0.1785,-0.9820,-0.0960,0.1648,-0.9817,0.0096,0.0191,-0.0556,0.0312,-0.9887,0.1039,-0.1032
0,22:29:38,sittinginpark,0.0476,0.3474,-0.9365,0.0153,0.3365,-0.9416,0.0091,0.0193,-0.0556,0.0349,-0.9891,0.1016,-0.1004
0,22:29:39,sittinginpark,0.0527,0.1176,-0.9917,0.0197,0.1031,-0.9945,0.0060,0.0198,-0.0559,0.0460,-0.9913,0.0965,-0.0772
0,22:29:40,sittinginpark,0.3599,0.3384,-0.8694,0.3330,0.3275,-0.8842,-0.0058,0.0195,-0.0560,0.0663,-0.9931,0.0935,0.0227
0,22:29:41,,0.2564,0.1001,-0.9614,0.2098,0.0772,-0.9747,-0.0099,0.0196,-0.0554,0.0691,-0.9917,0.0900,0.0601
0,22:29:42,,0.1335,0.1369,-0.9815,0.0855,0.1148,-0.9897,-0.0066,0.0225,-0.0548,0.0566,-0.9956,0.0664,0.0340
0,22:29:43,,0.5720,-0.0556,-0.8184,0.5463,-0.0699,-0.8347,-0.0151,0.0311,-0.0486,0.0345,-0.9910,-0.0157,0.1287
0,22:29:44,,-0.1871,0.4504,-0.8730,-0.2196,0.4382,-0.8716,0.0064,0.0241,-0.0541,0.0298,-0.9950,0.0572,-0.0758
0,22:29:45,,-0.0538,0.1742,-0.9832,-0.0916,0.1590,-0.9830,0.0065,0.0238,-0.0542,0.0327,-0.9946,0.0601,-0.0776
0,22:29:46,,-0.0402,0.1857,-0.9818,-0.0921,0.1638,-0.9822,0.0030,0.0231,-0.0548,0.0397,-0.9959,0.0658,-0.0482
0,22:29:47,,0.2446,0.2047,-0.9478,0.2144,0.1925,-0.9576,0.0003,0.0234,-0.0548,0.0423,-0.9969,0.0623,-0.0237
0,22:29:48,,0.2927,0.3551,-0.8878,0.2646,0.3455,-0.9003,-0.0022,0.0235,-0.0547,0.0460,-0.9972,0.0597,-0.0029
0,22:29:49,,0.3187,0.3558,-0.8785,0.2909,0.3456,-0.8922,-0.0042,0.0237,-0.0545,0.0548,-0.9968,0.0575,0.0117
0,22:29:50,,0.2998,0.1345,-0.9445,0.2687,0.1193,-0.9558,-0.0097,0.0203,-0.0552,0.0675,-0.9925,0.0838,0.0585
0,22:29:51,,0.3135,0.0824,-0.9460,0.2703,0.0612,-0.9608,-0.0096,0.0209,-0.0550,0.0650,-0.9930,0.0794,0.0589
0,22:29:52,,0.6641,-0.0499,-0.7460,0.6414,-0.0654,-0.7644,-0.0212,0.0259,-0.0493,0.0676,-0.9830,0.0261,0.1687
0,22:29:53,,0.6710,-0.0527,-0.7396,0.6464,-0.0685,-0.7599,-0.0278,0.0280,-0.0446,0.0604,-0.9680,0.0023,0.2435
0,22:29:54,,0.6410,-0.0311,-0.7669,0.6154,-0.0468,-0.7868,-0.0273,0.0279,-0.0450,0.0594,-0.9692,0.0039,0.2391
0,22:29:55,,0.5618,0.2926,-0.7738,0.5377,0.2795,-0.7954,-0.0270,0.0268,-0.0459,0.0642,-0.9706,0.0143,0.2315
0,22:29:56,,0.2727,0.4835,-0.8318,0.2448,0.4699,-0.8481,-0.0230,0.0205,-0.0510,0.0780,-0.9777,0.0729,0.1809
0,22:29:57,,0.5984,0.3239,-0.7328,0.5761,0.3128,-0.7552,-0.0233,0.0189,-0.0515,0.0726,-0.9759,0.0884,0.1860
0,22:29:58,,0.6167,-0.0807,-0.7831,0.5905,-0.0956,-0.8013,-0.0243,0.0234,-0.0491,0.0602,-0.9759,0.0493,0.2038
0,22:29:59,,0.6319,-0.0686,-0.7720,0.6061,-0.0835,-0.7910,-0.0250,0.0259,-0.0475,0.0537,-0.9746,0.0263,0.2158
0,22:30:00,motorcycleride,0.5655,-0.1293,-0.8145,0.5284,-0.1494,-0.8358,-0.0247,0.0272,-0.0469,0.0555,-0.9755,0.0138,0.2125
0,22:30:01,motorcycleride,0.3145,0.0564,-0.9476,0.2823,0.0402,-0.9585,-0.0235,0.0266,-0.0479,0.0607,-0.9783,0.0193,0.1972
0,22:30:02,motorcycleride,0.6121,-0.0546,-0.7889,0.5862,-0.0702,-0.8071,-0.0241,0.0264,-0.0477,0.0627,-0.9773,0.0204,0.2014
0,22:30:03,motorcycleride,-0.0393,0.1279,-0.9910,-0.0783,0.1108,-0.9908,-0.0095,0.0255,-0.0530,0.0352,-0.9960,0.0401,0.0721
0,22:30:04,motorcycleride,-0.6493,-0.0655,-0.7577,-0.6737,-0.0750,-0.7352,0.0262,0.0258,-0.0469,-0.0274,-0.9692,0.0342,-0.2424
0,22:30:05,motorcycleride,-0.9962,0.0740,-0.0469,-0.9978,0.0634,-0.0195,0.0478,0.0237,-0.0265,0.0417,0.8636,-0.0443,0.5005
0,22:30:06,motorcycleride,-0.9963,-0.0601,0.0607,-0.9929,-0.0722,0.0950,0.0544,0.0241,0.0021,0.0339,0.6893,-0.0447,0.7223
0,22:30:07,motorcycleride,-0.9128,0.4025,-0.0695,-0.9189,0.3927,-0.0366,0.0542,0.0247,-0.0001,0.0264,0.7021,-0.0442,0.7102
0,22:30:08,motorcycleride,-0.9989,0.0091,0.0454,-0.9969,-0.0044,0.0789,0.0554,0.0214,-0.0042,0.0338,0.7215,-0.0773,0.6872
0,22:30:09,motorcycleride,-0.9155,-0.3944,-0.0791,-0.9138,-0.4032,-0.0490,0.0525,0.0257,-0.0117,0.0009,0.7686,-0.0518,0.6376
0,22:30:10,motorcycleride,-0.9700,-0.1075,-0.2182,-0.9757,-0.1219,-0.1822,0.0493,0.0291,-0.0164,-0.0205,0.7998,-0.0251,0.5994
0,22:30:11,motorcycleride,-0.0786,0.3447,-0.9354,-0.1099,0.3309,-0.9372,0.0112,0.0235,-0.0536,0.0781,-0.9840,0.0691,-0.1443
0,22:30:12,motorcycleride,0.1829,0.5911,-0.7856,0.1535,0.5791,-0.8007,-0.0181,0.0129,-0.0553,0.0678,-0.9774,0.1446,0.1387
0,22:30:13,motorcycleride,0.0876,0.5768,-0.8122,0.0559,0.5654,-0.8229,-0.0103,0.0133,-0.0572,0.0418,-0.9851,0.1478,0.0770
0,22:30:14,motorcycleride,0.1453,0.8857,-0.4410,0.1180,0.8827,-0.4548,-0.0101,0.0039,-0.0586,0.0569,-0.9701,0.2248,0.0716
0,22:30:15,motorcycleride,0.1851,0.8181,-0.5445,0.1105,0.8055,-0.5822,-0.0071,-0.0118,-0.0580,0.0514,-0.9327,0.3531,0.0520
0,22:30:16,motorcycleride,0.0949,0.7685,-0.6328,0.0225,0.7495,-0.6617,-0.0033,-0.0098,-0.0587,0.0571,-0.9394,0.3375,0.0179
0,22:30:17,motorcycleride,-0.1046,0.8506,-0.5153,-0.1374,0.8404,-0.5242,0.0015,-0.0104,-0.0587,0.0576,-0.9369,0.3441,-0.0233
0,22:30:18,motorcycleride,-0.0640,0.8259,-0.5601,-0.0980,0.8177,-0.5672,0.0054,-0.0101,-0.0585,0.0257,-0.9377,0.3429,-0.0506
0,22:30:19,motorcycleride,-0.5045,0.6038,-0.6172,-0.5328,0.5834,-0.6130,0.0050,-0.0029,-0.0593,0.0258,-0.9568,0.2853,-0.0493
0,22:30:20,motorcycleride,0.2252,0.7731,-0.5930,0.1607,0.7612,-0.6283,-0.0103,-0.0036,-0.0586,0.0490,-0.9536,0.2869,0.0773
0,22:30:21,motorcycleride,0.2176,0.7434,-0.6325,0.1556,0.7305,-0.6649,-0.0093,-0.0045,-0.0587,0.0493,-0.9521,0.2939,0.0690
0,22:30:22,motorcycleride,0.1860,0.7059,-0.6834,0.1474,0.6967,-0.7020,-0.0083,-0.0043,-0.0589,0.0476,-0.9531,0.2926,0.0602
0,22:30:23,motorcycleride,0.0462,0.4261,-0.9035,-0.0742,0.3755,-0.9239,-0.0063,0.0041,-0.0591,0.0417,-0.9724,0.2257,0.0422
0,22:30:24,motorcycleride,0.1082,0.4969,-0.8610,0.0467,0.4741,-0.8792,-0.0063,0.0066,-0.0589,0.0458,-0.9770,0.2044,0.0402
0,22:30:25,motorcycleride,0.1279,0.7616,-0.6353,0.0976,0.7547,-0.6488,-0.0067,0.0017,-0.0592,0.0530,-0.9673,0.2443,0.0438
0,22:30:26,motorcycleride,0.0984,0.7420,-0.6632,0.0674,0.7339,-0.6759,-0.0066,0.0024,-0.0592,0.0514,-0.9688,0.2387,0.0428
0,22:30:27,motorcycleride,0.0100,0.5280,-0.8492,-0.0728,0.4924,-0.8673,-0.0065,0.0028,-0.0592,0.0508,-0.9697,0.2352,0.0422
0,22:30:28,motorcycleride,-0.0077,0.2991,-0.9542,-0.0469,0.2813,-0.9585,-0.0067,0.0031,-0.0591,0.0527,-0.9702,0.2325,0.0427
0,22:30:29,motorcycleride,-0.3369,-0.0274,-0.9411,-0.3607,-0.0387,-0.9319,-0.0026,0.0077,-0.0590,0.0437,-0.9794,0.1969,0.0080
0,22:30:30,motorcycleride,-0.3713,0.2293,-0.8997,-0.4023,0.2155,-0.8898,0.0108,0.0113,-0.0575,-0.0007,-0.9810,0.1682,-0.0969
0,22:30:31,motorcycleride,-0.9599,0.1481,-0.2379,-0.9673,0.1374,-0.2133,0.0442,0.0113,-0.0383,-0.0883,-0.8999,0.1438,-0.4022
0,22:30:32,motorcycleride,-0.9738,-0.2254,0.0310,-0.9698,-0.2355,0.0643,0.0526,0.0278,-0.0036,0.0120,0.7291,-0.0178,0.6840
0,22:30:33,motorcycleride,-0.9065,0.3706,-0.2023,-0.9174,0.3599,-0.1698,0.0543,0.0227,-0.0095,0.0366,0.7609,-0.0583,0.6452
0,22:30:34,motorcycleride,-0.9407,0.3348,-0.0541,-0.9469,0.3208,-0.0211,0.0549,0.0203,-0.0112,0.0378,0.7639,-0.0855,0.6386
0,22:30:35,motorcycleride,NaN,NaN,NaN,NaN,NaN,NaN,0.0464,0.0344,-0.0145,-0.0498,0.7935,0.0183,0.6063
0,22:30:36,motorcycleride,NaN,NaN,NaN,NaN,NaN,NaN,0.0521,-0.0068,-0.0281,-0.1285,-0.8099,0.2904,-0.4931
0,22:30:37,motorcycleride,NaN,NaN,NaN,NaN,NaN,NaN,0.0047,-0.0594,-0.0017,-0.4021,-0.4637,0.7444,-0.2631
0,22:30:38,motorcycleride,NaN,NaN,NaN,NaN,NaN,NaN,0.0242,-0.0508,-0.0195,-0.2373,-0.6506,0.6597,-0.2918
0,22:30:40,motorcycleride,NaN,NaN,NaN,NaN,NaN,NaN,0.0153,-0.0477,-0.0323,0.0442,-0.7229,0.6785,-0.1227
0,22:30:42,motorcycleride,NaN,NaN,NaN,NaN,NaN,NaN,0.0163,-0.0447,-0.0359,0.0306,-0.7502,0.6466,-0.1348
0,22:30:43,motorcycleride,NaN,NaN,NaN,NaN,NaN,NaN,0.0124,-0.0356,-0.0461,-0.0877,-0.8267,0.5449,-0.1099
0,22:30:45,motorcycleride,NaN,NaN,NaN,NaN,NaN,NaN,0.0165,-0.0360,-0.0445,-0.0867,-0.8189,0.5482,-0.1460
0,22:30:46,motorcycleride,NaN,NaN,NaN,NaN,NaN,NaN,0.0152,-0.0336,-0.0468,-0.0924,-0.8348,0.5263,-0.1322
0,22:30:48,motorcycleride,NaN,NaN,NaN,NaN,NaN,NaN,0.0172,-0.0255,-0.0510,-0.0997,-0.8727,0.4562,-0.1425
0,22:30:50,motorcycleride,NaN,NaN,NaN,NaN,NaN,NaN,0.0172,-0.0259,-0.0508,-0.1005,-0.8710,0.4593,-0.1423
0,22:30:51,motorcycleride,NaN,NaN,NaN,NaN,NaN,NaN,0.0172,-0.0260,-0.0508,-0.1011,-0.8706,0.4600,-0.1423
0,22:30:53,motorcycleride,NaN,NaN,NaN,NaN,NaN,NaN,0.0281,-0.0296,-0.0435,-0.0480,-0.8267,0.5046,-0.2441
0,22:30:55,motorcycleride,NaN,NaN,NaN,NaN,NaN,NaN,0.0323,-0.0293,-0.0406,-0.0883,-0.8159,0.4949,-0.2857
0,22:30:56,motorcycleride,NaN,NaN,NaN,NaN,NaN,NaN,0.0256,0.0475,-0.0253,0.1607,-0.8663,-0.1434,-0.4508
0,22:30:58,motorcycleride,NaN,NaN,NaN,NaN,NaN,NaN,0.0297,0.0506,0.0103,-0.2177,0.5329,0.1101,0.8103
0,22:31:00,motorcycleride,NaN,NaN,NaN,NaN,NaN,NaN,0.0282,0.0512,0.0117,-0.2362,0.4940,0.0956,0.8313
0,22:31:01,motorcycleride,NaN,NaN,NaN,NaN,NaN,NaN,0.0287,0.0509,0.0115,-0.2365,0.4920,0.0872,0.8333
0,22:31:03,motorcycleride,NaN,NaN,NaN,NaN,NaN,NaN,0.0284,0.0508,0.0130,-0.2340,0.4775,0.0850,0.8427
0,22:31:04,motorcycleride,NaN,NaN,NaN,NaN,NaN,NaN,0.0299,0.0512,0.0060,-0.2359,0.5581,0.1050,0.7885
0,22:31:06,motorcycleride,NaN,NaN,NaN,NaN,NaN,NaN,0.0300,0.0509,0.0074,-0.2263,0.5549,0.1094,0.7930
0,22:31:07,motorcycleride,NaN,NaN,NaN,NaN,NaN,NaN,0.0302,0.0509,0.0068,-0.2254,0.5617,0.1102,0.7884
0,22:31:09,motorcycleride,NaN,NaN,NaN,NaN,NaN,NaN,0.0297,0.0514,0.0054,-0.2219,0.5854,0.1284,0.7691
0,22:31:11,motorcycleride,NaN,NaN,NaN,NaN,NaN,NaN,0.0295,0.0515,0.0054,-0.2241,0.5832,0.1285,0.7702
0,22:31:12,motorcycleride,NaN,NaN,NaN,NaN,NaN,NaN,0.0294,0.0515,0.0054,-0.2274,0.5797,0.1260,0.7723
0,22:31:14,motorcycleride,NaN,NaN,NaN,NaN,NaN,NaN,0.0481,0.0328,0.0127,-0.1035,0.5367,-0.0893,0.8326
0,22:31:16,motorcycleride,NaN,NaN,NaN,NaN,NaN,NaN,0.0479,0.0349,0.0063,-0.1227,0.5863,-0.0660,0.7980
0,22:31:17,motorcycleride,NaN,NaN,NaN,NaN,NaN,NaN,0.0347,0.0483,-0.0041,-0.2589,0.6114,0.0396,0.7467
0,22:31:19,motorcycleride,NaN,NaN,NaN,NaN,NaN,NaN,0.0387,0.0452,-0.0026,-0.1612,0.6803,0.0762,0.7109
0,22:31:21,motorcycleride,NaN,NaN,NaN,NaN,NaN,NaN,0.0373,0.0463,-0.0035,-0.1701,0.6857,0.0881,0.7022
0,22:31:22,motorcycleride,NaN,NaN,NaN,NaN,NaN,NaN,0.0367,0.0468,-0.0037,-0.1727,0.6885,0.0943,0.6980
0,22:31:24,motorcycleride,NaN,NaN,NaN,NaN,NaN,NaN,0.0364,0.0470,-0.0043,-0.1711,0.6958,0.1008,0.6903
0,22:31:25,motorcycleride,NaN,NaN,NaN,NaN,NaN,NaN,0.0354,0.0478,0.0045,-0.2162,0.5733,0.0539,0.7885
0,22:31:27,motorcycleride,NaN,NaN,NaN,NaN,NaN,NaN,0.0300,0.0374,0.0354,-0.0695,0.3466,0.0310,0.9349
0,22:31:29,motorcycleride,NaN,NaN,NaN,NaN,NaN,NaN,0.0300,0.0377,0.0351,-0.0727,0.3467,0.0294,0.9347
0,22:31:30,motorcycleride,NaN,NaN,NaN,NaN,NaN,NaN,0.0300,0.0377,0.0350,-0.0734,0.3466,0.0288,0.9347
0,22:31:32,motorcycleride,NaN,NaN,NaN,NaN,NaN,NaN,0.0300,0.0377,0.0350,-0.0736,0.3466,0.0286,0.9347
0,22:31:34,motorcycleride,NaN,NaN,NaN,NaN,NaN,NaN,0.0300,0.0377,0.0350,-0.0736,0.3465,0.0285,0.9347
0,22:31:35,motorcycleride,NaN,NaN,NaN,NaN,NaN,NaN,0.0300,0.0377,0.0350,-0.0735,0.3465,0.0284,0.9348
0,22:31:37,motorcycleride,NaN,NaN,NaN,NaN,NaN,NaN,0.0300,0.0377,0.0350,-0.0734,0.3464,0.0284,0.9348
0,22:31:39,motorcycleride,NaN,NaN,NaN,NaN,NaN,NaN,0.0300,0.0377,0.0351,-0.0734,0.3463,0.0283,0.9348
0,22:31:40,motorcycleride,NaN,NaN,NaN,NaN,NaN,NaN,0.0300,0.0377,0.0351,-0.0734,0.3462,0.0283,0.9349
0,22:31:42,motorcycleride,NaN,NaN,NaN,NaN,NaN,NaN,0.0300,0.0377,0.0351,-0.0733,0.3461,0.0283,0.9349
0,22:31:44,motorcycleride,NaN,NaN,NaN,NaN,NaN,NaN,0.0300,0.0377,0.0351,-0.0734,0.3461,0.0283,0.9349
0,22:31:46,motorcycleride,NaN,NaN,NaN,NaN,NaN,NaN,0.0300,0.0377,0.0351,-0.0733,0.3461,0.0282,0.9349
0,22:31:47,motorcycleride,NaN,NaN,NaN,NaN,NaN,NaN,0.0300,0.0377,0.0351,-0.0734,0.3461,0.0282,0.9349
0,22:31:49,motorcycleride,NaN,NaN,NaN,NaN,NaN,NaN,0.0300,0.0377,0.0351,-0.0732,0.3460,0.0281,0.9349
0,22:31:51,motorcycleride,NaN,NaN,NaN,NaN,NaN,NaN,0.0300,0.0377,0.0351,-0.0732,0.3459,0.0281,0.9350
0,22:31:52,motorcycleride,NaN,NaN,NaN,NaN,NaN,NaN,0.0300,0.0377,0.0351,-0.0731,0.3459,0.0281,0.9350
0,22:31:54,motorcycleride,NaN,NaN,NaN,NaN,NaN,NaN,0.0300,0.0377,0.0351,-0.0731,0.3458,0.0280,0.9350
0,22:31:55,motorcycleride,NaN,NaN,NaN,NaN,NaN,NaN,0.0300,0.0377,0.0351,-0.0731,0.3457,0.0280,0.9351
0,22:31:57,motorcycleride,NaN,NaN,NaN,NaN,NaN,NaN,0.0300,0.0377,0.0351,-0.0731,0.3456,0.0280,0.9351
0,22:31:59,motorcycleride,NaN,NaN,NaN,NaN,NaN,NaN,0.0300,0.0377,0.0351,-0.0731,0.3456,0.0280,0.9351
0,22:32:00,motorcycleride,NaN,NaN,NaN,NaN,NaN,NaN,0.0300,0.0377,0.0351,-0.0731,0.3455,0.0280,0.9352
0,22:32:02,motorcycleride,NaN,NaN,NaN,NaN,NaN,NaN,0.0300,0.0377,0.0351,-0.0731,0.3454,0.0280,0.9352
0,22:32:04,motorcycleride,NaN,NaN,NaN,NaN,NaN,NaN,0.0300,0.0377,0.0351,-0.0731,0.3453,0.0280,0.9352
0,22:32:05,motorcycleride,NaN,NaN,NaN,NaN,NaN,NaN,0.0300,0.0377,0.0351,-0.0730,0.3452,0.0279,0.9352
0,22:32:07,motorcycleride,NaN,NaN,NaN,NaN,NaN,NaN,0.0299,0.0377,0.0351,-0.0731,0.3451,0.0280,0.9353
0,22:32:08,motorcycleride,NaN,NaN,NaN,NaN,NaN,NaN,0.0299,0.0377,0.0352,-0.0731,0.3450,0.0280,0.9353
0,22:32:10,motorcycleride,NaN,NaN,NaN,NaN,NaN,NaN,0.0299,0.0377,0.0352,-0.0731,0.3449,0.0279,0.9354
0,22:32:12,motorcycleride,NaN,NaN,NaN,NaN,NaN,NaN,0.0299,0.0377,0.0352,-0.0731,0.3449,0.0279,0.9354
0,22:32:13,motorcycleride,NaN,NaN,NaN,NaN,NaN,NaN,0.0299,0.0377,0.0352,-0.0731,0.3448,0.0279,0.9354
0,22:32:15,motorcycleride,NaN,NaN,NaN,NaN,NaN,NaN,0.0299,0.0377,0.0352,-0.0730,0.3446,0.0279,0.9355
0,22:32:16,motorcycleride,NaN,NaN,NaN,NaN,NaN,NaN,0.0299,0.0377,0.0352,-0.0731,0.3445,0.0279,0.9355
0,22:32:18,motorcycleride,NaN,NaN,NaN,NaN,NaN,NaN,0.0299,0.0377,0.0352,-0.0731,0.3444,0.0279,0.9356
0,22:32:19,motorcycleride,NaN,NaN,NaN,NaN,NaN,NaN,0.0299,0.0377,0.0352,-0.0731,0.3443,0.0279,0.9356
0,22:32:21,motorcycleride,NaN,NaN,NaN,NaN,NaN,NaN,0.0299,0.0377,0.0352,-0.0731,0.3442,0.0279,0.9356
0,22:32:23,motorcycleride,NaN,NaN,NaN,NaN,NaN,NaN,0.0299,0.0377,0.0352,-0.0731,0.3441,0.0278,0.9357
0,22:32:24,motorcycleride,NaN,NaN,NaN,NaN,NaN,NaN,0.0299,0.0377,0.0352,-0.0731,0.3439,0.0278,0.9357
0,22:32:26,motorcycleride,NaN,NaN,NaN,NaN,NaN,NaN,0.0299,0.0377,0.0352,-0.0731,0.3438,0.0278,0.9358
0,22:32:27,motorcycleride,NaN,NaN,NaN,NaN,NaN,NaN,0.0298,0.0377,0.0352,-0.0731,0.3436,0.0278,0.9358
0,22:32:29,motorcycleride,NaN,NaN,NaN,NaN,NaN,NaN,0.0298,0.0377,0.0353,-0.0731,0.3435,0.0278,0.9359
0,22:32:30,motorcycleride,NaN,NaN,NaN,NaN,NaN,NaN,0.0298,0.0377,0.0353,-0.0731,0.3433,0.0278,0.9359
0,22:32:32,motorcycleride,NaN,NaN,NaN,NaN,NaN,NaN,0.0298,0.0377,0.0353,-0.0731,0.3432,0.0277,0.9360
0,22:32:34,motorcycleride,NaN,NaN,NaN,NaN,NaN,NaN,0.0298,0.0377,0.0353,-0.0731,0.3430,0.0277,0.9361
0,22:32:35,motorcycleride,NaN,NaN,NaN,NaN,NaN,NaN,0.0298,0.0377,0.0353,-0.0731,0.3429,0.0277,0.9361
0,22:32:37,motorcycleride,NaN,NaN,NaN,NaN,NaN,NaN,0.0298,0.0377,0.0353,-0.0731,0.3427,0.0277,0.9362
0,22:32:38,motorcycleride,NaN,NaN,NaN,NaN,NaN,NaN,0.0298,0.0377,0.0353,-0.0731,0.3426,0.0277,0.9362
0,22:32:40,motorcycleride,NaN,NaN,NaN,NaN,NaN,NaN,0.0297,0.0377,0.0353,-0.0732,0.3424,0.0278,0.9363
0,22:32:41,motorcycleride,NaN,NaN,NaN,NaN,NaN,NaN,0.0297,0.0377,0.0353,-0.0731,0.3422,0.0277,0.9364
0,22:32:43,motorcycleride,NaN,NaN,NaN,NaN,NaN,NaN,0.0297,0.0377,0.0353,-0.0731,0.3421,0.0276,0.9364
0,22:32:45,motorcycleride,NaN,NaN,NaN,NaN,NaN,NaN,0.0297,0.0377,0.0354,-0.0731,0.3419,0.0276,0.9365
0,22:32:46,motorcycleride,NaN,NaN,NaN,NaN,NaN,NaN,0.0297,0.0376,0.0354,-0.0731,0.3418,0.0275,0.9365
0,22:32:48,motorcycleride,NaN,NaN,NaN,NaN,NaN,NaN,0.0297,0.0377,0.0354,-0.0731,0.3416,0.0276,0.9366
0,22:32:49,motorcycleride,NaN,NaN,NaN,NaN,NaN,NaN,0.0297,0.0377,0.0354,-0.0731,0.3415,0.0276,0.9366
0,22:32:51,motorcycleride,NaN,NaN,NaN,NaN,NaN,NaN,0.0297,0.0376,0.0354,-0.0731,0.3413,0.0275,0.9367
0,22:32:53,motorcycleride,NaN,NaN,NaN,NaN,NaN,NaN,0.0297,0.0376,0.0354,-0.0730,0.3412,0.0275,0.9368
0,22:32:54,motorcycleride,NaN,NaN,NaN,NaN,NaN,NaN,0.0297,0.0377,0.0354,-0.0731,0.3411,0.0275,0.9368
0,22:32:56,motorcycleride,NaN,NaN,NaN,NaN,NaN,NaN,0.0296,0.0376,0.0354,-0.0731,0.3409,0.0275,0.9368
0,22:32:57,motorcycleride,NaN,NaN,NaN,NaN,NaN,NaN,0.0296,0.0376,0.0354,-0.0731,0.3408,0.0275,0.9369
0,22:32:59,motorcycleride,NaN,NaN,NaN,NaN,NaN,NaN,0.0296,0.0376,0.0354,-0.0731,0.3406,0.0275,0.9370
0,22:33:00,motorcycleride,NaN,NaN,NaN,NaN,NaN,NaN,0.0296,0.0376,0.0355,-0.0731,0.3404,0.0275,0.9370
0,22:33:02,motorcycleride,NaN,NaN,NaN,NaN,NaN,NaN,0.0296,0.0376,0.0355,-0.0731,0.3403,0.0275,0.9371
0,22:33:04,motorcycleride,NaN,NaN,NaN,NaN,NaN,NaN,0.0296,0.0376,0.0355,-0.0731,0.3402,0.0275,0.9371
0,22:33:05,motorcycleride,NaN,NaN,NaN,NaN,NaN,NaN,0.0296,0.0376,0.0355,-0.0731,0.3400,0.0275,0.9372
0,22:33:07,motorcycleride,NaN,NaN,NaN,NaN,NaN,NaN,0.0296,0.0376,0.0355,-0.0731,0.3399,0.0275,0.9372
0,22:33:08,motorcycleride,NaN,NaN,NaN,NaN,NaN,NaN,0.0295,0.0376,0.0355,-0.0731,0.3397,0.0274,0.9373
0,22:33:10,motorcycleride,NaN,NaN,NaN,NaN,NaN,NaN,0.0295,0.0376,0.0355,-0.0731,0.3395,0.0274,0.9374
0,22:33:11,motorcycleride,NaN,NaN,NaN,NaN,NaN,NaN,0.0295,0.0376,0.0355,-0.0731,0.3393,0.0274,0.9374
0,22:33:13,motorcycleride,NaN,NaN,NaN,NaN,NaN,NaN,0.0295,0.0376,0.0355,-0.0731,0.3391,0.0274,0.9375
0,22:33:15,motorcycleride,NaN,NaN,NaN,NaN,NaN,NaN,0.0295,0.0376,0.0355,-0.0731,0.3389,0.0274,0.9376
0,22:33:16,motorcycleride,NaN,NaN,NaN,NaN,NaN,NaN,0.0295,0.0376,0.0356,-0.0731,0.3388,0.0274,0.9376
0,22:33:18,motorcycleride,NaN,NaN,NaN,NaN,NaN,NaN,0.0295,0.0376,0.0356,-0.0731,0.3387,0.0273,0.9377
0,22:33:19,motorcycleride,NaN,NaN,NaN,NaN,NaN,NaN,0.0295,0.0376,0.0356,-0.0731,0.3386,0.0273,0.9377
0,22:33:21,motorcycleride,NaN,NaN,NaN,NaN,NaN,NaN,0.0294,0.0377,0.0356,-0.0731,0.3384,0.0274,0.9378
0,22:33:23,motorcycleride,NaN,NaN,NaN,NaN,NaN,NaN,0.0294,0.0376,0.0356,-0.0731,0.3382,0.0273,0.9378
0,22:33:24,motorcycleride,NaN,NaN,NaN,NaN,NaN,NaN,0.0294,0.0376,0.0356,-0.0731,0.3380,0.0273,0.9379
0,22:33:26,motorcycleride,NaN,NaN,NaN,NaN,NaN,NaN,0.0294,0.0376,0.0356,-0.0731,0.3379,0.0273,0.9380
0,22:33:27,motorcycleride,NaN,NaN,NaN,NaN,NaN,NaN,0.0294,0.0376,0.0356,-0.0731,0.3377,0.0273,0.9380
0,22:33:29,motorcycleride,NaN,NaN,NaN,NaN,NaN,NaN,0.0294,0.0376,0.0356,-0.0732,0.3375,0.0273,0.9381
0,22:33:30,motorcycleride,NaN,NaN,NaN,NaN,NaN,NaN,0.0294,0.0376,0.0356,-0.0732,0.3374,0.0272,0.9381
0,22:33:32,motorcycleride,NaN,NaN,NaN,NaN,NaN,NaN,0.0294,0.0376,0.0357,-0.0732,0.3372,0.0272,0.9382
0,22:33:34,motorcycleride,NaN,NaN,NaN,NaN,NaN,NaN,0.0293,0.0376,0.0357,-0.0731,0.3371,0.0272,0.9382
0,22:33:35,motorcycleride,NaN,NaN,NaN,NaN,NaN,NaN,0.0293,0.0376,0.0357,-0.0732,0.3369,0.0272,0.9383
0,22:33:37,motorcycleride,NaN,NaN,NaN,NaN,NaN,NaN,0.0293,0.0376,0.0357,-0.0732,0.3368,0.0272,0.9383
0,22:33:38,motorcycleride,NaN,NaN,NaN,NaN,NaN,NaN,0.0293,0.0376,0.0357,-0.0732,0.3367,0.0272,0.9384
0,22:33:40,motorcycleride,NaN,NaN,NaN,NaN,NaN,NaN,0.0258,-0.0443,-0.0304,-0.0772,-0.7280,0.6365,-0.2427
